{"inputUnits":[22],"outputUnits":4,"inputs":{"0":{"dtype":"number","min":214.06719638215893,"max":433.8019897223447},"1":{"dtype":"number","min":90.56533516612961,"max":308.62381931408834},"2":{"dtype":"number","min":241.8240644403005,"max":464.79420821490453},"3":{"dtype":"number","min":74.67941699788727,"max":284.36834313062377},"4":{"dtype":"number","min":192.64909499350225,"max":411.7045527951727},"5":{"dtype":"number","min":67.59106350316148,"max":274.91768595773425},"6":{"dtype":"number","min":291.2971989375608,"max":497.68639471744285},"7":{"dtype":"number","min":92.63564172885762,"max":280.7520377311261},"8":{"dtype":"number","min":174.45601645146826,"max":370.79212470741123},"9":{"dtype":"number","min":81.73204830184523,"max":262.5741779015686},"10":{"dtype":"number","min":322.3259954786486,"max":551.8566710475818},"11":{"dtype":"number","min":206.88705978690416,"max":404.3025504383132},"12":{"dtype":"number","min":102.94717157861139,"max":308.84632392616123},"13":{"dtype":"number","min":209.2580108048851,"max":386.8786478599222},"14":{"dtype":"number","min":338.5876441094662,"max":644.1996557332199},"15":{"dtype":"number","min":247.32737025398222,"max":584.8042718909594},"16":{"dtype":"number","min":-12.181974774668653,"max":264.14337039457683},"17":{"dtype":"number","min":219.78739697645614,"max":577.5223051434825},"18":{"dtype":"number","min":290.54750910065053,"max":591.5630557286601},"19":{"dtype":"number","min":188.24302584280764,"max":514.3603082204144},"20":{"dtype":"number","min":89.50021350430144,"max":311.98030167516566},"21":{"dtype":"number","min":188.61006562348007,"max":455.2323195164306}},"outputs":{"0":{"dtype":"string","min":0,"max":1,"uniqueValues":["a","b","c","d"],"legend":{"a":[1,0,0,0],"b":[0,1,0,0],"c":[0,0,1,0],"d":[0,0,0,1]}}},"isNormalized":true}