{"inputUnits":[34],"outputUnits":5,"inputs":{"0":{"dtype":"number","min":216.2206948128192,"max":550.0779284762965},"1":{"dtype":"number","min":39.32955875470945,"max":71.7782236537117},"2":{"dtype":"number","min":231.67274504784015,"max":568.5941656090406},"3":{"dtype":"number","min":27.06401899167072,"max":59.12369665004863},"4":{"dtype":"number","min":209.9569369661205,"max":538.2012179482308},"5":{"dtype":"number","min":20.466663642616126,"max":61.761874781508396},"6":{"dtype":"number","min":251.65738591888072,"max":588.9475781629985},"7":{"dtype":"number","min":20.91633600019759,"max":63.52194344487171},"8":{"dtype":"number","min":201.7427404381422,"max":521.8169165585292},"9":{"dtype":"number","min":20.5213091067303,"max":72.37251014561042},"10":{"dtype":"number","min":276.33386693575966,"max":599.2570032498252},"11":{"dtype":"number","min":78.12204205108523,"max":124.41754174139714},"12":{"dtype":"number","min":202.08873822995199,"max":495.5734549793288},"13":{"dtype":"number","min":72.50024283442517,"max":132.13013051548822},"14":{"dtype":"number","min":329.0193716561284,"max":611.029693959752},"15":{"dtype":"number","min":108.79474446931238,"max":204.51391138455284},"16":{"dtype":"number","min":156.22541286602095,"max":424.7238408545112},"17":{"dtype":"number","min":78.4744595924704,"max":202.34485195768485},"18":{"dtype":"number","min":291.60132025930204,"max":589.913200051868},"19":{"dtype":"number","min":32.01902575066117,"max":244.14687635369802},"20":{"dtype":"number","min":146.46472737946863,"max":349.6219068000289},"21":{"dtype":"number","min":64.9536702790613,"max":199.2215805758762},"22":{"dtype":"number","min":282.3481474405133,"max":539.3278628100682},"23":{"dtype":"number","min":230.15199713206016,"max":299.0983516232977},"24":{"dtype":"number","min":220.1697323572775,"max":469.11286825335907},"25":{"dtype":"number","min":228.49057208703186,"max":353.09832918040945},"26":{"dtype":"number","min":291.0859602991245,"max":462.18510134210845},"27":{"dtype":"number","min":273.72928129559824,"max":443.4622590180037},"28":{"dtype":"number","min":204.57313626656736,"max":468.39353093841197},"29":{"dtype":"number","min":261.7560408180326,"max":434.67453537284166},"30":{"dtype":"number","min":290.04870819210544,"max":573.2072977147677},"31":{"dtype":"number","min":385.4979388166494,"max":565.141870520922},"32":{"dtype":"number","min":156.59457047161888,"max":459.0172627371109},"33":{"dtype":"number","min":348.85745334254165,"max":560.6305118664693}},"outputs":{"0":{"dtype":"string","min":0,"max":1,"uniqueValues":["a","b","c","d","e"],"legend":{"a":[1,0,0,0,0],"b":[0,1,0,0,0],"c":[0,0,1,0,0],"d":[0,0,0,1,0],"e":[0,0,0,0,1]}}},"isNormalized":true}