{"inputUnits":[34],"outputUnits":4,"inputs":{"0":{"dtype":"number","min":277.90008337117354,"max":401.365576718104},"1":{"dtype":"number","min":103.18966282944734,"max":321.06748855531447},"2":{"dtype":"number","min":307.2057440494285,"max":429.4836152666738},"3":{"dtype":"number","min":77.90200393023659,"max":287.47325496450935},"4":{"dtype":"number","min":254.23944733022253,"max":377.6624663237932},"5":{"dtype":"number","min":75.55599079057865,"max":280.5264052157272},"6":{"dtype":"number","min":347.6325020994194,"max":468.501499636164},"7":{"dtype":"number","min":96.48684371770125,"max":261.9236927551982},"8":{"dtype":"number","min":226.00561238448444,"max":340.0817419861077},"9":{"dtype":"number","min":87.71869466462488,"max":268.00838485302165},"10":{"dtype":"number","min":395.70608621441437,"max":526.4041998599754},"11":{"dtype":"number","min":201.16457215542925,"max":398.1735161584639},"12":{"dtype":"number","min":170.63085177529183,"max":309.7330863744832},"13":{"dtype":"number","min":197.7292966286032,"max":382.5324935022495},"14":{"dtype":"number","min":432.25908865724557,"max":596.3922496157397},"15":{"dtype":"number","min":227.79287375364788,"max":554.6738089476114},"16":{"dtype":"number","min":100.8083085234527,"max":231.25545279061285},"17":{"dtype":"number","min":205.94542744558612,"max":561.4544906319347},"18":{"dtype":"number","min":338.20771094889955,"max":589.4644081917254},"19":{"dtype":"number","min":188.5458124658013,"max":517.2052368950751},"20":{"dtype":"number","min":154.5603361018437,"max":329.9341639656037},"21":{"dtype":"number","min":192.87824044431693,"max":451.8630922072592},"22":{"dtype":"number","min":332.17104425690053,"max":517.8815266501579},"23":{"dtype":"number","min":456.0577261958141,"max":586.6398484048212},"24":{"dtype":"number","min":200.34264917039687,"max":332.38311292596364},"25":{"dtype":"number","min":450.3035727178077,"max":590.4706926754013},"26":{"dtype":"number","min":264.3563866522526,"max":486.30841266320374},"27":{"dtype":"number","min":514.6578623255867,"max":598.7298322744407},"28":{"dtype":"number","min":190.5126317836895,"max":364.286163567569},"29":{"dtype":"number","min":504.0101653221517,"max":598.4802293591927},"30":{"dtype":"number","min":240.8487909220536,"max":532.446640549003},"31":{"dtype":"number","min":505.17383026241794,"max":578.5289529882052},"32":{"dtype":"number","min":186.06209959037574,"max":408.5108336214889},"33":{"dtype":"number","min":498.6174848385822,"max":577.3188134575632}},"outputs":{"0":{"dtype":"string","min":0,"max":1,"uniqueValues":["a","b","c","d"],"legend":{"a":[1,0,0,0],"b":[0,1,0,0],"c":[0,0,1,0],"d":[0,0,0,1]}}},"isNormalized":true}