{"inputUnits":[34],"outputUnits":4,"inputs":{"0":{"dtype":"number","min":149.4708281639485,"max":179.50819557279002},"1":{"dtype":"number","min":40.036374325882136,"max":106.96502091819676},"2":{"dtype":"number","min":160.16991930712985,"max":188.73211574925523},"3":{"dtype":"number","min":31.407664258192483,"max":95.51857855533348},"4":{"dtype":"number","min":136.93694444945814,"max":168.30995908507114},"5":{"dtype":"number","min":30.19255879324234,"max":93.83157158640108},"6":{"dtype":"number","min":176.36960575088918,"max":202.57053924441803},"7":{"dtype":"number","min":31.60094205507508,"max":94.88780426144137},"8":{"dtype":"number","min":122.82641666872492,"max":150.92335088707594},"9":{"dtype":"number","min":30.306939744763795,"max":91.76404188579158},"10":{"dtype":"number","min":194.10425861521918,"max":223.57453698777968},"11":{"dtype":"number","min":81.5063524060676,"max":153.96092455674702},"12":{"dtype":"number","min":101.16818721192357,"max":139.42086001546465},"13":{"dtype":"number","min":78.2347901043725,"max":141.72977610784747},"14":{"dtype":"number","min":217.11684052582382,"max":252.10514706860258},"15":{"dtype":"number","min":88.38010914130896,"max":225.07639309775504},"16":{"dtype":"number","min":66.14424056116245,"max":112.98706767160141},"17":{"dtype":"number","min":96.96819379635824,"max":213.60832006550947},"18":{"dtype":"number","min":161.8309121929718,"max":270.9849880827076},"19":{"dtype":"number","min":73.04130524512858,"max":171.33037760100012},"20":{"dtype":"number","min":95.43675700978082,"max":155.53219806359436},"21":{"dtype":"number","min":79.34733698804091,"max":159.85631987278563},"22":{"dtype":"number","min":178.96026767181516,"max":203.97270944795721},"23":{"dtype":"number","min":201.67783239936088,"max":286.8111850129955},"24":{"dtype":"number","min":121.3859650133185,"max":146.1681339249073},"25":{"dtype":"number","min":203.2916209298813,"max":274.37708160756625},"26":{"dtype":"number","min":175.6712474897214,"max":207.86821595425735},"27":{"dtype":"number","min":273.0731973017236,"max":292.91446789693276},"28":{"dtype":"number","min":116.49012702912208,"max":157.4039119319693},"29":{"dtype":"number","min":261.73804375911965,"max":296.91428217906434},"30":{"dtype":"number","min":173.5612642162041,"max":219.77486658652933},"31":{"dtype":"number","min":274.71572341622084,"max":288.5314810786266},"32":{"dtype":"number","min":120.42115497218032,"max":164.73866859762586},"33":{"dtype":"number","min":273.0482281042908,"max":288.40239291061226}},"outputs":{"0":{"dtype":"string","min":0,"max":1,"uniqueValues":["a","b","e","c"],"legend":{"a":[1,0,0,0],"b":[0,1,0,0],"e":[0,0,1,0],"c":[0,0,0,1]}}},"isNormalized":true}