{"inputUnits":[34],"outputUnits":5,"inputs":{"0":{"dtype":"number","min":172.2200528749696,"max":507.11609599191394},"1":{"dtype":"number","min":11.075969057788186,"max":70.18849057446195},"2":{"dtype":"number","min":179.64717167360774,"max":521.7874326594609},"3":{"dtype":"number","min":0.272820951409841,"max":63.421699731730314},"4":{"dtype":"number","min":158.61970582360888,"max":499.34134754225437},"5":{"dtype":"number","min":-2.6095633005817547,"max":60.23993466150901},"6":{"dtype":"number","min":198.8914868618264,"max":536.9363510191208},"7":{"dtype":"number","min":4.525407724343381,"max":74.72015113682136},"8":{"dtype":"number","min":139.6250363361047,"max":482.42489499340724},"9":{"dtype":"number","min":5.942580523657895,"max":70.41790142133542},"10":{"dtype":"number","min":219.90480653042923,"max":533.0635504221638},"11":{"dtype":"number","min":67.25960698109193,"max":131.34693665263254},"12":{"dtype":"number","min":125.17389319750122,"max":440.14536638668073},"13":{"dtype":"number","min":64.20898793736322,"max":135.50130762478722},"14":{"dtype":"number","min":223.65252661797788,"max":559.87807975205},"15":{"dtype":"number","min":47.795678520944804,"max":201.5285975831028},"16":{"dtype":"number","min":72.17836728819613,"max":450.22652473895005},"17":{"dtype":"number","min":65.90269808639349,"max":272.37972452482825},"18":{"dtype":"number","min":210.2761591454888,"max":534.0457450183914},"19":{"dtype":"number","min":15.247825296008628,"max":239.46729147944467},"20":{"dtype":"number","min":114.13055598040036,"max":415.20536548896524},"21":{"dtype":"number","min":44.557430994649806,"max":378.6976997583293},"22":{"dtype":"number","min":204.7514628250775,"max":521.7095300102976},"23":{"dtype":"number","min":228.94399323815963,"max":338.93763323238386},"24":{"dtype":"number","min":140.38530995409778,"max":442.19763462645534},"25":{"dtype":"number","min":216.79056486730912,"max":445.93571763094303},"26":{"dtype":"number","min":228.77669516240576,"max":496.19659423828125},"27":{"dtype":"number","min":291.83629373632056,"max":440.6839642357734},"28":{"dtype":"number","min":114.64115988883528,"max":473.3249432753032},"29":{"dtype":"number","min":253.12149700951483,"max":486.4740132728904},"30":{"dtype":"number","min":241.53784473582465,"max":564.2168263238692},"31":{"dtype":"number","min":366.6844177246094,"max":571.9083021586971},"32":{"dtype":"number","min":105.83527917527967,"max":476.32392571594},"33":{"dtype":"number","min":330.7418395758603,"max":566.0064103538424}},"outputs":{"0":{"dtype":"string","min":0,"max":1,"uniqueValues":["a","b","c","d","e"],"legend":{"a":[1,0,0,0,0],"b":[0,1,0,0,0],"c":[0,0,1,0,0],"d":[0,0,0,1,0],"e":[0,0,0,0,1]}}},"isNormalized":true}