{"inputUnits":[34],"outputUnits":4,"inputs":{"0":{"dtype":"number","min":152.1324377393908,"max":207.76259900994802},"1":{"dtype":"number","min":35.318670903662294,"max":144.65220944890717},"2":{"dtype":"number","min":159.19310610581928,"max":214.65558805354374},"3":{"dtype":"number","min":27.622249024387457,"max":133.97734408248724},"4":{"dtype":"number","min":143.51095681988312,"max":195.22233480609344},"5":{"dtype":"number","min":27.718870407876338,"max":131.70041036049216},"6":{"dtype":"number","min":172.50161790662239,"max":232.78679873692852},"7":{"dtype":"number","min":24.89173147001155,"max":122.22258482461774},"8":{"dtype":"number","min":134.60238119043728,"max":181.44182598544467},"9":{"dtype":"number","min":26.681617707130044,"max":120.37195777150907},"10":{"dtype":"number","min":184.98814683016172,"max":257.856037421913},"11":{"dtype":"number","min":66.5421482190084,"max":153.71110077498025},"12":{"dtype":"number","min":114.8894527450146,"max":165.36979942470208},"13":{"dtype":"number","min":64.18783581210482,"max":150.70579261631354},"14":{"dtype":"number","min":195.28736574640533,"max":270.2153199192151},"15":{"dtype":"number","min":75.8660176199234,"max":233.33530292436768},"16":{"dtype":"number","min":90.71312395978994,"max":144.61829218882994},"17":{"dtype":"number","min":75.12215818412574,"max":226.09169095406736},"18":{"dtype":"number","min":156.26896899034077,"max":287.99629894212063},"19":{"dtype":"number","min":59.045191664640086,"max":183.44697351121718},"20":{"dtype":"number","min":109.23977981745502,"max":186.8987384009454},"21":{"dtype":"number","min":67.26815487160293,"max":189.28973483668227},"22":{"dtype":"number","min":181.7137365675158,"max":241.53460432119408},"23":{"dtype":"number","min":199.36831225680933,"max":282.3538439561421},"24":{"dtype":"number","min":117.04119849297787,"max":183.78448545700846},"25":{"dtype":"number","min":207.43845186344845,"max":282.6251024773149},"26":{"dtype":"number","min":181.99595855831637,"max":237.53704026515382},"27":{"dtype":"number","min":282.901190078676,"max":302.48843181921814},"28":{"dtype":"number","min":92.22277689536722,"max":198.75778350384783},"29":{"dtype":"number","min":276.8514840983231,"max":301.32158450115514},"30":{"dtype":"number","min":179.7413775150878,"max":239.32920886384838},"31":{"dtype":"number","min":269.55399687651993,"max":288.9885797760366},"32":{"dtype":"number","min":101.39576403547353,"max":198.6937756668269},"33":{"dtype":"number","min":275.5166818937903,"max":287.39300679603906}},"outputs":{"0":{"dtype":"string","min":0,"max":1,"uniqueValues":["a","b","e","c"],"legend":{"a":[1,0,0,0],"b":[0,1,0,0],"e":[0,0,1,0],"c":[0,0,0,1]}}},"isNormalized":true}